{
	"TableName": "articles",
	"Columns": [
		"id",
		"category",
		"state",
		"created",
		"modified",
		"author",
		"summary",
		"tags",
		"title",
		"content",
		"meta_desc",
		"meta_keys",
		"meta_robots",
		"hits",
		"options"
	],
	"ColumnTypes": {
		"id": "string",
		"category": "string",
		"state": "string",
		"created": "integer",
		"modified": "integer",
		"author": "string",
		"summary": "string",
		"tags": "string",
		"title": "string",
		"content": "string",
		"meta_desc": "string",
		"meta_keys": "string",
		"meta_robots": "string",
		"hits": "integer",
		"options": "array"
	},
	"TableData": [
		{
			"id": "index",
			"category": "uncategorized",
			"state": "published",
			"created": 1645319100,
			"modified": 1646518333,
			"author": "crispycat",
			"summary": "lol",
			"tags": "",
			"title": "Home",
			"content": "poopoo",
			"meta_desc": "CrispyCMS",
			"meta_keys": "index, follow",
			"meta_robots": "index, follow",
			"hits": 782,
			"options": {
				"show_comments": "yes"
			}
		}
	]
}