{
	"TableName": "auth_0f19a3d7",
	"Columns": [
		"id",
		"password"
	],
	"ColumnTypes": {
		"id": "string",
		"password": "string"
	},
	"TableData": [
		{
			"id": "crispycat",
			"password": "$2y$10$V0XmyIGERDJGlvzIm56vpORllB.MYRhHoU6hKD\/diJIbYHqRjpaKS"
		},
		{
			"id": "cornhole",
			"password": "$2a$10$ed0ea29ed48a2e4714038uVguqyYpyV.FTzx4neLE1ZHyB1X3UEzO"
		},
		{
			"id": "member",
			"password": "$2y$10$M3cvY1wO2sM7Co6ZY9LYEOG4PLfOpl9DZx9vwUFYBfcpCmdChmu9."
		},
		{
			"id": "moderator",
			"password": "$2y$10$osaeW2NlutTGz1v3Bcdwme2IOvBDqaziTrc2sYI3TxY5YeEjfP.S."
		},
		{
			"id": "admin",
			"password": "$2y$10$lqKzZAKxWORsUSP.jXwLOOcT0dNnJgXrecNgs.cIf386xU661\/rHG"
		},
		{
			"id": "penis",
			"password": "$2y$10$NYJySfy0Q.IrDGp0VZy1yO2eUA\/FZXVwmvgrA0tbJGSjB2Npj5yFy"
		},
		{
			"id": "pecker",
			"password": "$2y$10$6aRf6kSm7zgzDBIh07xyNeAo.ZtOdB0YfAnzNhtFUH4KBVXGf5HWa"
		},
		{
			"id": "cock",
			"password": "$2y$10$Mw6imJI0qDNdq1j\/xXiWfezKsnNdBE5vwJ8I4EbqQDIo2BCZIDQJi"
		},
		{
			"id": "cat",
			"password": "$2y$10$jQXN4Q9vBtTs1KpxZBdpA.a1oZ8wZU4Fnm\/LTnRcAQOxtI4VbZh0m"
		}
	]
}