{
	"TableName": "comments",
	"Columns": [
		"id",
		"article",
		"created",
		"modified",
		"author",
		"content"
	],
	"ColumnTypes": {
		"id": "string",
		"article": "string",
		"created": "integer",
		"modified": "integer",
		"author": "string",
		"content": "string"
	},
	"TableData": [
		{
			"id": "s9XjQvEQpBRsi3ke",
			"article": "index",
			"created": 1646517479,
			"modified": 1646517479,
			"author": "crispycat",
			"content": "shid"
		},
		{
			"id": "KGAZBKNNpuASmpbf",
			"article": "index",
			"created": 1646517493,
			"modified": 1646517493,
			"author": "crispycat",
			"content": "dog doo"
		},
		{
			"id": "Eu3WdD91pmwwCNUR",
			"article": "index",
			"created": 1646517824,
			"modified": 1646517824,
			"author": "cat",
			"content": "peepee\r\n"
		},
		{
			"id": "5XGAeCDVWquScSIR",
			"article": "index",
			"created": 1646518384,
			"modified": 1646518384,
			"author": "crispycat",
			"content": "<script>alert(\"fuck\");<\/script>"
		}
	]
}