{
	"TableName": "menus",
	"Columns": [
		"id",
		"title",
		"created",
		"modified"
	],
	"ColumnTypes": {
		"id": "string",
		"title": "string",
		"created": "integer",
		"modified": "integer"
	},
	"TableData": [
		{
			"id": "navbar-menu",
			"title": "Navbar Menu",
			"created": 1645360651,
			"modified": 1645360651
		},
		{
			"id": "user-menu",
			"title": "User Menu",
			"created": 1645360668,
			"modified": 1645360668
		},
		{
			"id": "footer-menu",
			"title": "Footer Menu",
			"created": 1645360678,
			"modified": 1645360678
		}
	]
}