{
	"TableName": "modules",
	"Columns": [
		"id",
		"title",
		"class",
		"pos",
		"ord",
		"created",
		"modified",
		"settings"
	],
	"ColumnTypes": {
		"id": "string",
		"title": "string",
		"class": "string",
		"pos": "string",
		"ord": "integer",
		"created": "integer",
		"modified": "integer",
		"settings": "array"
	},
	"TableData": [
		{
			"id": "navbar-menu",
			"title": "Navbar Menu",
			"class": "core\/menu\/NavMenuModule",
			"pos": "navbar",
			"ord": 0,
			"created": 1645360839,
			"modified": 1645360839,
			"settings": {
				"classes": "navbar-nav",
				"menu": "navbar-menu"
			}
		},
		{
			"id": "user-menu",
			"title": "User Menu",
			"class": "core\/menu\/NavMenuModule",
			"pos": "navbar",
			"ord": 1,
			"created": 1645362682,
			"modified": 1645363109,
			"settings": {
				"classes": "navbar-nav ms-auto me-2",
				"menu": "user-menu"
			}
		},
		{
			"id": "navbar-search",
			"title": "Navbar Search",
			"class": "core\/search\/SearchBoxModule",
			"pos": "navbar",
			"ord": 2,
			"created": 1645363104,
			"modified": 1645363104,
			"settings": {
				"classes": "navbar-search"
			}
		},
		{
			"id": "sidebar-latest",
			"title": "New",
			"class": "core\/content\/LatestArticlesModule",
			"pos": "sidebar",
			"ord": 1,
			"created": 1645363156,
			"modified": 1645363224,
			"settings": {
				"classes": "nav flex-column mb-3",
				"numarticles": "5",
				"filter": "0",
				"filtercat": "projects"
			}
		},
		{
			"id": "sidebar-popular",
			"title": "Popular",
			"class": "core\/content\/PopularArticlesModule",
			"pos": "sidebar",
			"ord": 1,
			"created": 1645363194,
			"modified": 1646518659,
			"settings": {
				"classes": "nav flex-column mb-3",
				"numarticles": "5",
				"filter": "0",
				"filtercat": "projects"
			}
		},
		{
			"id": "footer-text",
			"title": "Footer Text",
			"class": "core\/text\/CustomModule",
			"pos": "footer",
			"ord": 0,
			"created": 1645363307,
			"modified": 1645363307,
			"settings": {
				"content": "<small class=\"text-muted\">&copy;2022 crispycat &bull; This software is licensed under the GNU GPL v3 license or later.<\/small>"
			}
		},
		{
			"id": "comments",
			"title": "Comments",
			"class": "core\/comments\/CommentsModule",
			"pos": "after-content",
			"ord": 0,
			"created": 1646505752,
			"modified": 1646517466,
			"settings": {
				"classes": " ",
				"numcomments": "5"
			}
		}
	]
}