{
	"TableName": "routes",
	"Columns": [
		"id",
		"item_id",
		"view"
	],
	"ColumnTypes": {
		"id": "string",
		"item_id": "string",
		"view": "string"
	},
	"TableData": [
		{
			"id": "index",
			"item_id": "index",
			"view": "core\/article"
		},
		{
			"id": "projects\/shitjects\/farts",
			"item_id": "farts",
			"view": "core\/article"
		},
		{
			"id": "shitjects",
			"item_id": "shitjects",
			"view": "core\/category"
		},
		{
			"id": "\/software",
			"item_id": "software",
			"view": "core\/category"
		},
		{
			"id": "\/test",
			"item_id": "test",
			"view": "core\/category"
		},
		{
			"id": "test-1\/test-1-1",
			"item_id": "test-1-1",
			"view": "core\/category"
		},
		{
			"id": "projects\/index",
			"item_id": "index",
			"view": "core\/article"
		},
		{
			"id": "uncategorized",
			"item_id": "uncategorized",
			"view": "core\/category"
		},
		{
			"id": "uncategorized\/index",
			"item_id": "index",
			"view": "core\/article"
		},
		{
			"id": "software",
			"item_id": "software",
			"view": "core\/category"
		},
		{
			"id": "projects",
			"item_id": "projects",
			"view": "core\/category"
		},
		{
			"id": "projects\/skyscrapersim",
			"item_id": "skyscrapersim",
			"view": "core\/category"
		},
		{
			"id": "photography",
			"item_id": "photography",
			"view": "core\/category"
		},
		{
			"id": "projects\/photography",
			"item_id": "photography",
			"view": "core\/category"
		},
		{
			"id": "user_profile",
			"item_id": "",
			"view": "core\/user_profile"
		},
		{
			"id": "login",
			"item_id": "",
			"view": "core\/login"
		},
		{
			"id": "logout",
			"item_id": "",
			"view": "core\/logout"
		},
		{
			"id": "register",
			"item_id": "",
			"view": "core\/register"
		},
		{
			"id": "activate_account",
			"item_id": "",
			"view": "core\/activate_account"
		},
		{
			"id": "reset_password",
			"item_id": "",
			"view": "core\/reset_password"
		},
		{
			"id": "post_comment",
			"item_id": "",
			"view": "core\/post_comment"
		}
	]
}