{
	"TableName": "settings",
	"Columns": [
		"id",
		"value"
	],
	"ColumnTypes": {
		"id": "string",
		"value": "string"
	},
	"TableData": [
		{
			"id": "template",
			"value": "crispy"
		},
		{
			"id": "backend_template",
			"value": "crispage"
		},
		{
			"id": "title_sep",
			"value": " \u2039 "
		},
		{
			"id": "sitename",
			"value": "Crispage Test"
		},
		{
			"id": "logopath",
			"value": "\/crispage\/media\/crispage.png"
		},
		{
			"id": "site_desc",
			"value": "boobs"
		},
		{
			"id": "charset",
			"value": "UTF-8"
		},
		{
			"id": "time_format_long",
			"value": "H:i:s"
		},
		{
			"id": "date_format_long",
			"value": "Y, F d"
		},
		{
			"id": "time_format",
			"value": "H:i"
		},
		{
			"id": "date_format",
			"value": "Y-m-d"
		},
		{
			"id": "timezone",
			"value": "America\/New_York"
		},
		{
			"id": "meta_desc",
			"value": "CrispyCMS"
		},
		{
			"id": "meta_keys",
			"value": "crispycms,crispycat"
		},
		{
			"id": "meta_robots",
			"value": "index, follow"
		},
		{
			"id": "users.default_group",
			"value": "member"
		},
		{
			"id": "users.password_min",
			"value": "8"
		},
		{
			"id": "users.password_min_letters",
			"value": "2"
		},
		{
			"id": "users.password_min_numbers",
			"value": "2"
		},
		{
			"id": "users.password_min_special",
			"value": "1"
		},
		{
			"id": "users.session_timeout",
			"value": "3600"
		},
		{
			"id": "mail.hostname",
			"value": "webhosting1900.is.cc"
		},
		{
			"id": "mail.port",
			"value": "587"
		},
		{
			"id": "mail.from",
			"value": "mail@crispy.cat"
		},
		{
			"id": "mail.username",
			"value": "the@crispy.cat"
		},
		{
			"id": "mail.password",
			"value": "XYvjb0U}sY)f"
		},
		{
			"id": "articles.show_comments",
			"value": "yes"
		}
	]
}