{
	"TableName": "usergroups",
	"Columns": [
		"id",
		"name",
		"parent",
		"permissions",
		"created",
		"modified"
	],
	"ColumnTypes": {
		"id": "string",
		"name": "string",
		"parent": "string",
		"permissions": "integer",
		"created": "integer",
		"modified": "integer"
	},
	"TableData": [
		{
			"id": "super-user",
			"name": "Super User",
			"parent": "admin",
			"permissions": 15857535,
			"created": 1645368557,
			"modified": 1645890876
		},
		{
			"id": "admin",
			"name": "Admin",
			"parent": "moderator",
			"permissions": 128831,
			"created": 1645890557,
			"modified": 1645890868
		},
		{
			"id": "moderator",
			"name": "Moderator",
			"parent": "member",
			"permissions": 61495,
			"created": 1645890587,
			"modified": 1645890858
		},
		{
			"id": "member",
			"name": "Member",
			"parent": null,
			"permissions": 28677,
			"created": 1645890682,
			"modified": 1645890903
		}
	]
}