{
	"TableName": "users",
	"Columns": [
		"id",
		"name",
		"email",
		"group",
		"created",
		"modified",
		"loggedin",
		"activated"
	],
	"ColumnTypes": {
		"id": "string",
		"name": "string",
		"email": "string",
		"group": "string",
		"created": "integer",
		"modified": "integer",
		"loggedin": "integer",
		"activated": "integer"
	},
	"TableData": [
		{
			"id": "crispycat",
			"name": "crispycat",
			"email": "crispycat@airmail.cc",
			"group": "super-user",
			"created": 1645369981,
			"modified": 1645369981,
			"loggedin": 0,
			"activated": 2
		},
		{
			"id": "admin",
			"name": "admin",
			"email": "admin@crispy.cat",
			"group": "admin",
			"created": 1645890939,
			"modified": 1645890939,
			"loggedin": 0,
			"activated": 2
		},
		{
			"id": "moderator",
			"name": "moderator",
			"email": "moderator@crispy.cat",
			"group": "moderator",
			"created": 1645890952,
			"modified": 1645890952,
			"loggedin": 0,
			"activated": 2
		},
		{
			"id": "member",
			"name": "member",
			"email": "member@crispy.cat",
			"group": "member",
			"created": 1645890961,
			"modified": 1645890961,
			"loggedin": 0,
			"activated": 2
		},
		{
			"id": "penis",
			"name": "penis",
			"email": "penis@dog.com",
			"group": "member",
			"created": 1645912790,
			"modified": 1645912790,
			"loggedin": 0,
			"activated": 2
		},
		{
			"id": "pecker",
			"name": "peckerman",
			"email": "crispycat@airmail.cc",
			"group": "member",
			"created": 1646414686,
			"modified": 1646414686,
			"loggedin": 0,
			"activated": 0
		},
		{
			"id": "cock",
			"name": "cock",
			"email": "crispycat@airmail.cc",
			"group": "member",
			"created": 1646414967,
			"modified": 1646414967,
			"loggedin": 0,
			"activated": 0
		},
		{
			"id": "cat",
			"name": "cat",
			"email": "crispycat@airmail.cc",
			"group": "member",
			"created": 1646419063,
			"modified": 1646419063,
			"loggedin": 1646517813,
			"activated": 2
		}
	]
}